Age,Sex,ChestPainType,RestingBP,Cholesterol,FastingBS,RestingECG,MaxHR,ExerciseAngina,Oldpeak,ST_Slope,HeartDisease
48,M,ATA,110,229,0,Normal,168,N,1,Down,true
52,M,NAP,172,199,1,Normal,162,N,0.5,Up,false
44,M,ATA,120,263,0,Normal,173,N,0,Up,false
56,F,ATA,140,294,0,LVH,153,N,1.3,Flat,false
57,M,ASY,140,192,0,Normal,148,N,0.4,Flat,false
67,M,ASY,160,286,0,LVH,108,Y,1.5,Flat,true
53,F,NAP,128,216,0,LVH,115,N,0,Up,false
52,M,NAP,138,223,0,Normal,169,N,0,Up,false
43,M,ASY,132,247,1,LVH,143,Y,0.1,Flat,true
52,M,ASY,128,204,1,Normal,156,Y,1,Flat,true
59,M,TA,134,204,0,Normal,162,N,0.8,Up,true
64,M,TA,170,227,0,LVH,155,N,0.6,Flat,false
66,F,NAP,146,278,0,LVH,152,N,0,Flat,false
39,F,NAP,138,220,0,Normal,152,N,0,Flat,false
57,M,ATA,154,232,0,LVH,164,N,0,Up,true
58,F,ASY,130,197,0,Normal,131,N,0.6,Flat,false
57,M,ASY,110,335,0,Normal,143,Y,3,Flat,true
47,M,NAP,130,253,0,Normal,179,N,0,Up,false
55,F,ASY,128,205,0,ST,130,Y,2,Flat,true
35,M,ATA,122,192,0,Normal,174,N,0,Up,false
61,M,ASY,148,203,0,Normal,161,N,0,Up,true
58,M,ASY,114,318,0,ST,140,N,4.4,Down,true
58,F,ASY,170,225,1,LVH,146,Y,2.8,Flat,true
58,M,ATA,125,220,0,Normal,144,N,0.4,Flat,false
56,M,ATA,130,221,0,LVH,163,N,0,Up,false
56,M,ATA,120,240,0,Normal,169,N,0,Down,false
67,M,NAP,152,212,0,LVH,150,N,0.8,Flat,true
55,F,ATA,132,342,0,Normal,166,N,1.2,Up,false
44,M,ASY,120,169,0,Normal,144,Y,2.8,Down,true
63,M,ASY,140,187,0,LVH,144,Y,4,Up,true
63,F,ASY,124,197,0,Normal,136,Y,0,Flat,true
41,M,ATA,120,157,0,Normal,182,N,0,Up,false
59,M,ASY,164,176,1,LVH,90,N,1,Flat,true
57,F,ASY,140,241,0,Normal,123,Y,0.2,Flat,true
45,M,TA,110,264,0,Normal,132,N,1.2,Flat,true
68,M,ASY,144,193,1,Normal,141,N,3.4,Flat,true
57,M,ASY,130,131,0,Normal,115,Y,1.2,Flat,true
57,F,ATA,130,236,0,LVH,174,N,0,Flat,true
38,M,NAP,138,175,0,Normal,173,N,0,Up,false
